id,orden,lote,etapa,fecha_programada,dia_semana,cluster,rol,tipo,titulo,slug,keyword,audiencia,guia_titulo,origen
B01,1,1,Lanzamiento,2026-10-09,viernes,Marca y Club 57,Pilar,Pilar,"Truper, Pretul, Foset, Volteck y más: guía de marcas para elegir herramienta y material",marcas-truper-pretul-foset-volteck-guia,marcas truper,B2C + B2B,Guía de marcas Truper: cuál elegir según tu trabajo,propuesto
B02,2,1,Lanzamiento,2026-10-09,viernes,Herramientas y mantenimiento,Pilar,Pilar,Kit básico de herramientas para el hogar: las 15 que sí necesitas (y cuáles dejar para después),kit-basico-herramientas-hogar,herramientas básicas para el hogar,B2C,Checklist: caja de herramientas básica del hogar,propuesto
B03,3,1,Lanzamiento,2026-10-09,viernes,"Construcción, fijación y materiales",Pilar,Pilar,Cómo escoger el tamaño y tipo de broca correcto para cada material,como-escoger-broca-correcta-para-cada-material,tipos de brocas,B2C + B2B,"Tabla rápida: broca, taquete y tornillo por material",cliente
B04,4,1,Lanzamiento,2026-10-09,viernes,Plomería y agua,Pilar,Pilar,"PPR, PVC, CPVC o cobre: diferencias entre tuberías y cuál conviene en tu proyecto",diferencias-tuberia-ppr-pvc-cpvc-cobre,diferencia entre tubería ppr y pvc,B2C + B2B,"Comparador de tuberías: PPR, PVC, CPVC y cobre",cliente
B05,5,1,Lanzamiento,2026-10-09,viernes,Electricidad e iluminación,Pilar,Pilar,Calibre de cables eléctricos: cuál usar para cada electrodoméstico y cada circuito,calibre-de-cable-electrico-para-cada-electrodomestico,calibre de cable para casa,B2C + B2B,Tabla de calibres: qué cable para cada aparato,cliente
B06,6,1,Lanzamiento,2026-10-09,viernes,"Pintura, sellado e impermeabilización",Pilar,Pilar,Salitre y humedad en muros en Querétaro: cómo protegerlos y eliminarlos paso a paso,salitre-y-humedad-en-muros-queretaro,salitre en paredes,B2C + B2B,"Guía visual: salitre y humedad, diagnóstico y reparación",cliente
B07,7,1,Lanzamiento,2026-10-09,viernes,Plomería y agua,Pilar,Pilar,Tinaco o cisterna en Querétaro: qué considerar para instalarlo y no quedarte sin agua,instalar-tinaco-o-cisterna-queretaro,instalar tinaco,B2C + B2B,Checklist de instalación de tinaco o cisterna,cliente
B08,8,1,Lanzamiento,2026-10-09,viernes,"Pintura, sellado e impermeabilización",Pilar,Pilar,Brocha o rodillo: qué necesitas según la pintura (vinílica vs esmalte),brocha-o-rodillo-segun-pintura-vinilica-esmalte,brocha o rodillo,B2C + B2B,Guía rápida: qué herramienta usar según tu pintura,cliente
B09,9,1,Octubre 2026,2026-10-13,martes,"Construcción, fijación y materiales",Satélite,Fondo,"Tipos de taquetes: cuál usar en tablaroca, concreto sólido o ladrillo hueco",tipos-de-taquetes-tablaroca-concreto-ladrillo-hueco,tipos de taquetes,B2C + B2B,Guía de taquetes por tipo de muro,cliente
B10,10,1,Octubre 2026,2026-10-15,jueves,Marca y Club 57,Conversión (Club 57),Corto,"Club 57: cómo funciona, cómo ganar puntos y qué recibes al registrarte",club-57-como-ganar-puntos-ferreteria-57,club 57 ferretería 57,B2C,Guía de bienvenida a Club 57,propuesto
B11,11,1,Octubre 2026,2026-10-17,sábado,Plomería y agua,Satélite,Fin de semana,Cómo destapar la tubería del lavabo de forma segura sin dañar el PVC,como-destapar-tuberia-lavabo-sin-danar-pvc,cómo destapar un lavabo,B2C + B2B,Guía de emergencia: lavabo tapado,cliente
B12,12,1,Octubre 2026,2026-10-20,martes,Seguridad y protección,Pilar,Fondo,Cómo elegir un candado anticizalla para exteriores y cortinas de negocio,como-elegir-candado-anticizalla-exteriores-cortinas,candado anticizalla,B2C + B2B,Auditoría de seguridad básica para casa o negocio,cliente
B13,13,1,Octubre 2026,2026-10-22,jueves,Plomería y agua,Satélite,Corto,"Cinta teflón: qué es, para qué sirve y cómo aplicarla correctamente",cinta-teflon-que-es-para-que-sirve-como-aplicarla,cinta teflón,B2C + B2B,Plomería básica visual: guía de cinta teflón y sellado de roscas,cliente
B14,14,1,Octubre 2026,2026-10-24,sábado,Plomería y agua,Satélite,Fin de semana,Mantenimiento preventivo del calentador solar antes de la temporada de frío,mantenimiento-calentador-solar-antes-del-frio,mantenimiento calentador solar,B2C + B2B,Calendario anual de mantenimiento del calentador solar,cliente
B15,15,1,Octubre 2026,2026-10-27,martes,Electricidad e iluminación,Satélite,Fondo,El peligro de los diablitos y falsos contactos: por qué actualizar tu instalación eléctrica,peligro-diablitos-y-falsos-contactos-instalacion-electrica,diablito eléctrico peligro,B2C + B2B,Señales de alerta en tu instalación eléctrica,cliente
B16,16,1,Octubre 2026,2026-10-29,jueves,Electricidad e iluminación,Satélite,Corto,"Conectores eléctricos: cuándo usar capuchones, cinta de aislar o regletas (clemas)",conectores-electricos-capuchones-cinta-aislar-regletas,conectores eléctricos,B2C + B2B,Guía rápida de empalmes y conectores,cliente
B17,17,1,Octubre 2026,2026-10-31,sábado,Plomería y agua,Satélite,Fin de semana,Cómo purgar un boiler (calentador de agua) para quitarle el sarro,como-purgar-boiler-calentador-de-agua-sarro,purgar boiler,B2C,Calendario y checklist de mantenimiento del boiler,cliente
B18,18,1,Noviembre 2026,2026-11-03,martes,Plomería y agua,Satélite,Fondo,Cómo elegir una bomba de agua (periférica o centrífuga) según los pisos de tu casa,como-elegir-bomba-de-agua-periferica-centrifuga,bomba de agua para casa,B2C + B2B,Guía de selección de bomba de agua,cliente
B19,19,1,Noviembre 2026,2026-11-05,jueves,Oficios y negocio ferretero,Pilar,Corto,Las 10 herramientas esenciales para iniciar tu propio negocio de plomería,herramientas-esenciales-para-iniciar-negocio-de-plomeria,herramientas de plomero,B2B,Checklist inicial: caja de herramientas del plomero,cliente
B20,20,1,Noviembre 2026,2026-11-07,sábado,"Construcción, fijación y materiales",Satélite,Fin de semana,Cómo instalar un soporte de TV en la pared de forma segura y nivelada,como-instalar-soporte-de-tv-en-la-pared,cómo instalar soporte de tv,B2C,Checklist para instalar tu TV en la pared,cliente
B21,21,1,Noviembre 2026,2026-11-10,martes,Electricidad e iluminación,Satélite,Fondo,"Focos LED vs ahorradores: lúmenes, watts y temperatura de color explicados",focos-led-vs-ahorradores-lumenes-watts-temperatura-color,focos led vs ahorradores,B2C + B2B,Guía de iluminación: qué foco poner en cada espacio,cliente
B22,22,1,Noviembre 2026,2026-11-12,jueves,Seguridad y protección,Satélite,Corto,Qué hacer en caso de fuga de gas en casa y qué revisar en tus conexiones,que-hacer-en-caso-de-fuga-de-gas-en-casa,fuga de gas qué hacer,B2C + B2B,Plan de acción: fuga de gas en casa,cliente
B23,23,1,Noviembre 2026,2026-11-14,sábado,Plomería y agua,Satélite,Fin de semana,Por qué baja la presión del agua en tu regadera y cómo solucionarlo,por-que-baja-la-presion-del-agua-en-la-regadera,poca presión de agua en la regadera,B2C,Diagnóstico: poca presión de agua en casa,cliente
B24,24,1,Noviembre 2026,2026-11-17,martes,"Pintura, sellado e impermeabilización",Satélite,Fondo,Fórmula fácil para calcular cuánta pintura o impermeabilizante necesitas,como-calcular-cuanta-pintura-o-impermeabilizante-necesitas,cómo calcular pintura,B2C + B2B,Hoja de cálculo imprimible: pintura e impermeabilizante,cliente
B25,25,1,Noviembre 2026,2026-11-19,jueves,Herramientas y mantenimiento,Satélite,Corto,"Para qué sirve cada tipo de pinza: de presión, electricista, de punta y de corte",para-que-sirve-cada-tipo-de-pinza,tipos de pinzas,B2C + B2B,Guía rápida: qué pinza usar para cada tarea,cliente
B26,26,1,Noviembre 2026,2026-11-21,sábado,Herramientas y mantenimiento,Satélite,Fin de semana,"Cómo quitar el óxido de herramientas, candados y metales fácilmente",como-quitar-el-oxido-de-herramientas-candados-y-metales,cómo quitar el óxido,B2C + B2B,Guía rápida: elimina y previene el óxido,cliente
B27,27,1,Noviembre 2026,2026-11-24,martes,Oficios y negocio ferretero,Satélite,Fondo,Control de inventarios en tu ferretería: cómo evitar robos hormiga y quiebres de stock,control-de-inventarios-ferreteria-robo-hormiga-quiebres-stock,control de inventarios ferretería,B2B,Plantilla de conteo cíclico y punto de reorden,cliente
B28,28,1,Noviembre 2026,2026-11-26,jueves,"Construcción, fijación y materiales",Satélite,Corto,"Tipos de pegamentos y adhesivos: de contacto, epóxicos, cianoacrilatos y para madera",tipos-de-pegamentos-y-adhesivos-contacto-epoxico-cianoacrilato,tipos de pegamentos,B2C + B2B,Tabla de adhesivos: qué pegamento para cada material,cliente
B29,29,1,Noviembre 2026,2026-11-28,sábado,Plomería y agua,Satélite,Fin de semana,"Cómo cambiar el sapo, la válvula y los herrajes del tanque del escusado sin fugas",como-cambiar-sapo-valvula-herrajes-tanque-escusado,cambiar sapo del tanque del escusado,B2C,Guía de reparación del tanque del escusado,cliente
B30,30,1,Diciembre 2026,2026-12-01,martes,"Pintura, sellado e impermeabilización",Satélite,Fondo,"Silicón, sellador acrílico o de poliuretano: diferencias y cuál usar",diferencias-silicon-sellador-acrilico-poliuretano,diferencia entre silicón y sellador acrílico,B2C + B2B,Guía de selección de selladores,cliente
B31,31,1,Diciembre 2026,2026-12-03,jueves,Oficios y negocio ferretero,Satélite,Corto,"Guía de espátulas, cuñas y llanas para acabados de construcción perfectos",guia-de-espatulas-cunas-y-llanas-acabados-construccion,tipos de llanas,B2B,Glosario visual de herramientas de acabado,cliente
B32,32,1,Diciembre 2026,2026-12-05,sábado,Plomería y agua,Satélite,Fin de semana,Cómo reparar una fuga en la llave mezcladora del lavabo o fregadero,como-reparar-fuga-llave-mezcladora-lavabo-fregadero,reparar llave mezcladora,B2C,Guía: diagnóstico de fugas en llaves,cliente
B33,33,1,Diciembre 2026,2026-12-08,martes,Oficios y negocio ferretero,Satélite,Fondo,Técnicas de exhibición (merchandising) para aumentar las ventas en el mostrador de tu ferretería,merchandising-ferretero-exhibicion-aumentar-ventas-mostrador,merchandising para ferreterías,B2B,Checklist de exhibición para ferreterías,cliente
B34,34,1,Diciembre 2026,2026-12-10,jueves,Seguridad y protección,Satélite,Corto,"Guía de guantes de trabajo: cuándo usar nitrilo, carnaza, látex o anticorte",guia-de-guantes-de-trabajo-nitrilo-carnaza-latex-anticorte,guantes de trabajo,B2B,Matriz de selección de guantes de trabajo,cliente
B35,35,1,Diciembre 2026,2026-12-12,sábado,Herramientas y mantenimiento,Satélite,Fin de semana,Herramientas básicas que no pueden faltar en la cajuela del auto para emergencias,herramientas-basicas-cajuela-auto-emergencias,kit de emergencia para auto,B2C,Checklist: kit de emergencia para tu auto,cliente
B36,36,1,Diciembre 2026,2026-12-15,martes,Seguridad y protección,Satélite,Fondo,"Chapa de sobreponer, de embutir o cerradura de alta seguridad: cuál elegir",chapa-sobreponer-embutir-o-alta-seguridad-cual-elegir,tipos de chapas para puerta,B2C + B2B,Cómo medir y elegir tu chapa,cliente
B37,37,1,Diciembre 2026,2026-12-17,jueves,Oficios y negocio ferretero,Satélite,Corto,Remachadoras manuales: cómo elegir la medida de los remaches,remachadoras-manuales-y-como-elegir-la-medida-de-remaches,remachadora manual,B2B,"Tabla de remaches: diámetro, largo y broca",cliente
B38,38,1,Diciembre 2026,2026-12-19,sábado,Electricidad e iluminación,Satélite,Fin de semana,Pasos para cambiar la pastilla termomagnética de tu centro de carga,como-cambiar-pastilla-termomagnetica-centro-de-carga,pastilla termomagnética,B2C + B2B,Checklist de seguridad eléctrica del hogar,cliente
B39,39,1,Diciembre 2026,2026-12-22,martes,Plomería y agua,Satélite,Fondo,"Qué significan las siglas y números en los tubos de PVC: cédula 40, 80 y sanitarios",que-significan-cedula-40-80-y-numeros-en-tubos-pvc,cédula 40 y 80 pvc,B2B,Guía de bolsillo: tuberías de PVC,cliente
B40,40,1,Diciembre 2026,2026-12-24,jueves,Marca y Club 57,Satélite,Corto,5 ventajas de surtir tus materiales de construcción en una ferretería de barrio,ventajas-de-comprar-en-ferreteria-de-barrio,ferretería en querétaro,B2C + B2B,Checklist: qué llevar a la ferretería para comprar bien,cliente
B41,41,1,Diciembre 2026,2026-12-26,sábado,"Pintura, sellado e impermeabilización",Satélite,Fin de semana,Cómo limpiar y guardar tus brochas y rodillos para que te duren años,como-limpiar-y-guardar-brochas-y-rodillos,cómo limpiar brochas,B2C + B2B,Guía de limpieza y guardado de brochas y rodillos,cliente
B42,42,1,Diciembre 2026,2026-12-29,martes,"Construcción, fijación y materiales",Satélite,Fondo,"Tornillería de acero inoxidable: grados, dureza y cuándo es indispensable",tornilleria-acero-inoxidable-grados-y-cuando-usarla,tornillería de acero inoxidable,B2B,Guía de selección de tornillería por ambiente,cliente
B43,43,1,Diciembre 2026,2026-12-31,jueves,"Pintura, sellado e impermeabilización",Satélite,Corto,Silicones automotrices de alta temperatura vs selladores de construcción,silicones-automotrices-alta-temperatura-vs-selladores-construccion,silicón de alta temperatura,B2B,Tabla: silicón automotriz vs sellador de construcción,cliente
B44,44,1,Enero 2027,2027-01-02,sábado,Herramientas y mantenimiento,Satélite,Fin de semana,Cómo organizar el tablero de herramientas de tu taller o garaje en casa,como-organizar-tablero-de-herramientas-taller-garaje,organizar herramientas,B2C + B2B,Planeador de tablero de herramientas,cliente
B45,45,1,Enero 2027,2027-01-05,martes,Seguridad y protección,Satélite,Fondo,Guía de equipo de protección personal (EPP) obligatorio en la obra,guia-epp-equipo-de-proteccion-personal-obra,equipo de protección personal en obra,B2B,Checklist de EPP por actividad en obra,cliente
B46,46,1,Enero 2027,2027-01-07,jueves,Herramientas y mantenimiento,Satélite,Corto,Medida milimétrica vs estándar (pulgadas) en llaves y dados: cómo identificarlas,medida-milimetrica-vs-pulgadas-en-llaves-y-dados,llaves milimétricas vs estándar,B2C + B2B,Tabla de equivalencias: llaves y dados mm / pulgadas,cliente
B47,47,1,Enero 2027,2027-01-09,sábado,"Construcción, fijación y materiales",Satélite,Fin de semana,Herramientas para tablaroca: lo que necesitas para levantar tu primer muro falso,herramientas-para-tablaroca-primer-muro-falso,herramientas para tablaroca,B2C + B2B,Calculadora de materiales: 1 m² de tablaroca,cliente
B48,48,1,Enero 2027,2027-01-12,martes,"Construcción, fijación y materiales",Satélite,Fondo,"Diferencias entre soldadura 6013, 7018 y otras para trabajos de herrería básica",diferencias-soldadura-6013-7018-herreria,soldadura 6013 y 7018,B2B,Guía rápida de electrodos para soldadura,cliente
B49,49,1,Enero 2027,2027-01-14,jueves,Seguridad y protección,Satélite,Corto,"Cómo elegir el candado adecuado para motocicletas, bicicletas y rejas perimetrales",candado-para-motocicleta-bicicleta-y-rejas,candado para moto,B2C,"Guía de candados: moto, bicicleta y reja",cliente
B50,50,1,Enero 2027,2027-01-16,sábado,Electricidad e iluminación,Satélite,Fin de semana,"Cómo usar un multímetro digital básico para revisar contactos, pilas y fusibles",como-usar-un-multimetro-digital-basico,cómo usar un multímetro,B2C + B2B,Lecturas básicas de multímetro para el hogar,cliente
B51,51,1,Enero 2027,2027-01-19,martes,Herramientas y mantenimiento,Satélite,Fondo,"Tipos de discos de corte: diamante, abrasivo y sierra para madera",tipos-de-discos-de-corte-diamante-abrasivo-sierra,tipos de discos de corte,B2C + B2B,Tabla de seguridad: discos de corte,cliente
B52,52,1,Enero 2027,2027-01-21,jueves,Oficios y negocio ferretero,Satélite,Corto,Mangueras de aire y agua industriales vs mangueras de jardín: ventajas y usos,mangueras-industriales-de-aire-y-agua-vs-jardin,manguera industrial,B2B,Tabla de selección de mangueras industriales,cliente
B53,53,1,Enero 2027,2027-01-23,sábado,Herramientas y mantenimiento,Satélite,Fin de semana,Mantenimiento básico para prolongar la vida de tus herramientas eléctricas,mantenimiento-basico-herramientas-electricas,mantenimiento de herramientas eléctricas,B2C + B2B,Calendario de mantenimiento de herramientas eléctricas,cliente
B54,54,1,Enero 2027,2027-01-26,martes,"Construcción, fijación y materiales",Satélite,Fondo,"Diferencia entre cemento blanco, cemento gris, mortero y yeso",diferencia-cemento-blanco-gris-mortero-yeso,diferencia entre cemento y mortero,B2C + B2B,Guía rápida de materiales de albañilería,cliente
B55,55,1,Enero 2027,2027-01-28,jueves,Herramientas y mantenimiento,Satélite,Corto,Guía de flexómetros: cómo leer las fracciones de pulgada y los milímetros,como-leer-un-flexometro-fracciones-de-pulgada-y-milimetros,cómo leer un flexómetro,B2C,Tabla de conversión: milímetros y pulgadas,cliente
B56,56,1,Enero 2027,2027-01-30,sábado,Herramientas y mantenimiento,Satélite,Fin de semana,"Guía rápida de lijas: qué número de grano usar para madera, metal o agua",guia-de-lijas-que-grano-usar-madera-metal-agua,tipos de lijas,B2C + B2B,Tabla de lijas: granos y secuencias,cliente
B57,57,1,Reserva,,,Herramientas y mantenimiento,Satélite,Reserva,Catálogo de herramientas manuales para preparar tu jardín o patio en primavera,herramientas-manuales-para-preparar-jardin-en-primavera,herramientas de jardinería,B2C,Calendario de jardín: primavera,cliente
B58,58,1,Reserva,,,"Pintura, sellado e impermeabilización",Satélite,Reserva,Impermeabilizantes acrílicos vs prefabricados (manto): cuál conviene más,impermeabilizante-acrilico-vs-manto-prefabricado,impermeabilizante acrílico vs manto,B2C + B2B,Guía de impermeabilización de azotea,cliente
